email_account,user_name,password,first_name,last_name
pmattis0@fastcompany.com,pmattis0,Us5ivt,Palm,Mattis
fleader1@nature.com,fleader1,dXqudu,Florencia,Leader
jstarton2@rakuten.co.jp,jstarton2,8DVDj4T4Qm42,Jard,Starton
vverry3@cloudflare.com,vverry3,nqQmc3ycEDR,Vonnie,Verry
apauler4@biglobe.ne.jp,apauler4,mIzxp5SB9na,Artemas,Pauler
cbadman5@delicious.com,cbadman5,QAaILxdN2,Carree,Badman
edomnin6@aboutads.info,edomnin6,aOAammSRYz87,Ebeneser,Domnin
pbreckell7@naver.com,pbreckell7,ALMmcToOb,Pyotr,Breckell
schallenor8@chronoengine.com,schallenor8,MMjDXLW,Susana,Challenor
wgoudman9@goo.ne.jp,wgoudman9,Y0x0ad,Wanda,Goudman
kchalmersa@hhs.gov,kchalmersa,MHiORZwCD1,Korry,Chalmers
thissettb@vimeo.com,thissettb,21KRBguhhSjT,Tobiah,Hissett
jdeathc@wufoo.com,jdeathc,OCEqG2,Jamill,Death
vluciad@a8.net,vluciad,60fDG53a,Vivian,Lucia
fmawde@columbia.edu,fmawde,IlRHcY,Freddy,Mawd
cbrassef@huffingtonpost.com,cbrassef,aXAGKQN,Cassandra,Brasse
ryarnellg@sina.com.cn,ryarnellg,pAj81G8NhP,Roddy,Yarnell
kbolterh@about.com,kbolterh,636g6AGm,Kerby,Bolter
emacki@clickbank.net,emacki,NniQjE,Emelina,Mack
sogormallyj@google.ca,sogormallyj,1PB0Zk,Sheffie,O'Gormally
drisbiek@issuu.com,drisbiek,YMTmI7iE,Daisie,Risbie
hfinnanl@dropbox.com,hfinnanl,OomI2J0aB,Hope,Finnan
kreddellm@jimdo.com,kreddellm,YYrGBQoVU,Kaspar,Reddell
tsterlandn@stanford.edu,tsterlandn,tnCn2S6qgJ,Tera,Sterland
alowndsbrougho@netlog.com,alowndsbrougho,1mwCaSXvoTf,Aubry,Lowndsbrough
wpendergrastp@drupal.org,wpendergrastp,tVTBWqQKe,Wylie,Pendergrast
ebootmanq@jugem.jp,ebootmanq,M9rXS4pTZJgO,Eustacia,Bootman
kgudemanr@bing.com,kgudemanr,hcDuU5b8OFx,Kristy,Gudeman
eniccollss@mediafire.com,eniccollss,dMdeTT,Emmet,Niccolls
epeetet@ft.com,epeetet,sd10wzN0sM,Erin,Peete
vweymouthu@ihg.com,vweymouthu,4zLDppacew,Vanya,Weymouth
jblowerv@issuu.com,jblowerv,nT8AdGnU,Jerri,Blower
hizkoviciw@cbc.ca,hizkoviciw,llobyX,Hildegarde,Izkovici
gpatinkinx@archive.org,gpatinkinx,dCQPzFygw,Guillema,Patinkin
dosheeryney@technorati.com,dosheeryney,0AyODLsbp,Damara,O'Sheeryne
ggeraldz@about.com,ggeraldz,cai2tyUe,Gaspard,Gerald
elabon10@ft.com,elabon10,5rp0dhXak,Elisabetta,Labon
staffs11@un.org,staffs11,2pAapoVGaJ,Shurwood,Taffs
hnoakes12@reddit.com,hnoakes12,McIscW66sb,Harlene,Noakes
deggle13@about.me,deggle13,hDpYACA1dH,Dru,Eggle
dohrt14@wired.com,dohrt14,0JPAhSY,Deeanne,Ohrt
vperassi15@bloglines.com,vperassi15,dGK9wqKf,Vance,Perassi
cgillbe16@businesswire.com,cgillbe16,BVollniz5F,Chrysa,Gillbe
rdurward17@mozilla.org,rdurward17,gfTkZJ4y,Roxy,Durward
imclucky18@admin.ch,imclucky18,EDNdl3PJUo,Ingaborg,McLucky
bhuguet19@delicious.com,bhuguet19,hPLdRF,Bernie,Huguet
ballward1a@google.co.jp,ballward1a,YJJnFPBU,Beatriz,Allward
rgiacopazzi1b@etsy.com,rgiacopazzi1b,8ZvSKltiC3rP,Roxie,Giacopazzi
jgosenell1c@fotki.com,jgosenell1c,l5CAy1,Jerad,Gosenell
apactat1d@skyrock.com,apactat1d,XEmtB9gAA,Alexis,Pactat
mpitford1e@nhs.uk,mpitford1e,HiAbVvKiTG3,Marney,Pitford
dmcsporrin1f@purevolume.com,dmcsporrin1f,zMMSpCdd,Deloris,McSporrin
bbenaine1g@yolasite.com,bbenaine1g,07W9fWou,Bail,Benaine
sbridgwater1h@icio.us,sbridgwater1h,vaLA4WmyPfg,Shanie,Bridgwater
aterney1i@flickr.com,aterney1i,SUcz9B,Alexandrina,Terney
wmozzetti1j@epa.gov,wmozzetti1j,H1hAEV7z,Waylan,Mozzetti
lcoathup1k@bloglines.com,lcoathup1k,V8ACpvzxvk84,Latia,Coathup
asiely1l@nydailynews.com,asiely1l,21naZuvsdHA,Avrom,Siely
cdakin1m@kickstarter.com,cdakin1m,DfLzbs,Constantia,Dakin
ahearsum1n@google.es,ahearsum1n,wiKy0lG1z386,Ava,Hearsum
iinfante1o@feedburner.com,iinfante1o,b6ILEKXI,Issiah,Infante
ldrackford1p@odnoklassniki.ru,ldrackford1p,Zznjr5cEwF,Leticia,Drackford
escahill1q@networkadvertising.org,escahill1q,fqUfeYB88,Estell,Scahill
cdarcy1r@usa.gov,cdarcy1r,ki86mHronyd,Courtenay,Darcy
lbarthrup1s@vinaora.com,lbarthrup1s,OXF8YIrDqpzw,Linnell,Barthrup
mswadlen1t@reddit.com,mswadlen1t,HOnTp694v,Malynda,Swadlen
vridesdale1u@cisco.com,vridesdale1u,E5Ic0kI92AB,Vincenty,Ridesdale
vholtum1v@yolasite.com,vholtum1v,kPbEtv,Veronique,Holtum
pdemko1w@google.nl,pdemko1w,NHScEOzn,Pat,Demko
rthurske1x@virginia.edu,rthurske1x,t3xzUHJHWIF,Rafe,Thurske
akiddie1y@cnet.com,akiddie1y,Rzcybrgsk4r8,Anabel,Kiddie
uparfrey1z@multiply.com,uparfrey1z,y0VtW8,Ula,Parfrey
mmolohan20@diigo.com,mmolohan20,HIawxT4W,Marijo,Molohan
jhixley21@wikia.com,jhixley21,Hw6oAp,Joelie,Hixley
xaven22@spiegel.de,xaven22,RXUVXa,Xenia,Aven
rwitter23@cbc.ca,rwitter23,29uNIq,Rosina,Witter
kcastrillo24@latimes.com,kcastrillo24,Lh4bSkC7wM,Kip,Castrillo
femby25@narod.ru,femby25,uQeNTpqa8sB,Finlay,Emby
maikin26@theglobeandmail.com,maikin26,b3R9LnGMVFIT,Meriel,Aikin
ywaddoups27@google.pl,ywaddoups27,ocmGzpUSfx,Ysabel,Waddoups
jubank28@twitter.com,jubank28,urIwaw95pKIa,Julieta,Ubank
bdrewet29@redcross.org,bdrewet29,cNPkK8MFB,Berrie,Drewet
cpedrielli2a@umich.edu,cpedrielli2a,i7grGaU,Clarine,Pedrielli
stal2b@stumbleupon.com,stal2b,sd3ddNvlmK,Sibylle,Tal
biddins2c@wix.com,biddins2c,2XURnN,Burg,Iddins
sbowring2d@odnoklassniki.ru,sbowring2d,RFGZnJ,Star,Bowring
rtufts2e@goo.ne.jp,rtufts2e,zWUrD7whk4s,Rozele,Tufts
hallberry2f@bloglines.com,hallberry2f,fEXNx0aO,Henrik,Allberry
ahugo2g@mail.ru,ahugo2g,6R7UK7fu2,Arty,Hugo
nbartleman2h@japanpost.jp,nbartleman2h,h9reU5,Nickolai,Bartleman
erawnsley2i@hostgator.com,erawnsley2i,FlfpOOL,Elyn,Rawnsley
astoffels2j@mail.ru,astoffels2j,XZJV2ei,Ann-marie,Stoffels
jwhitecross2k@dell.com,jwhitecross2k,KbdImsvbom,Jodi,Whitecross
dbeldan2l@free.fr,dbeldan2l,KuPlboa,Dickie,Beldan
stewkesbury2m@zimbio.com,stewkesbury2m,LRv7KPFAO,Seth,Tewkesbury
jbanck2n@blogtalkradio.com,jbanck2n,rYQEk7,Jamima,Banck
cbarrar2o@youtu.be,cbarrar2o,p3J9IRkks,Chlo,Barrar
cbax2p@hubpages.com,cbax2p,U6PdUyIVV7y,Carmelita,Bax
cmcgaugey2q@usgs.gov,cmcgaugey2q,oYH84k7,Codie,McGaugey
ssleightholm2r@1und1.de,ssleightholm2r,lw3ENW8xB,Sascha,Sleightholm
mmacintosh2s@howstuffworks.com,mmacintosh2s,fuUvcHkd,Marcella,MacIntosh
trichly2t@jimdo.com,trichly2t,dI7qQ6QPSu,Tamqrah,Richly
fbenoiton2u@hp.com,fbenoiton2u,Y4YdJAdLir,Fernandina,Benoiton
dcradduck2v@clickbank.net,dcradduck2v,NhwfQo,Delilah,Cradduck
lskippen2w@ycombinator.com,lskippen2w,yCsKT4Ie,Lynea,Skippen
tdevries2x@gizmodo.com,tdevries2x,CTatNKRJbD,Town,De Vries
bdecent2y@booking.com,bdecent2y,HSd7EOrtK5Ys,Barrett,Decent
lwoodeson2z@csmonitor.com,lwoodeson2z,aYhpXImFs,Lianne,Woodeson
ddash30@dedecms.com,ddash30,4B98o3P,Drew,Dash
fbrotherhood31@twitter.com,fbrotherhood31,DMJwk0s,Ferdy,Brotherhood
fswancock32@google.com.hk,fswancock32,oFOOKOr7,Francesco,Swancock
bmerrilees33@google.ca,bmerrilees33,R1QNLvQ8GyTv,Bert,Merrilees
ichafer34@blogspot.com,ichafer34,zr8WiJV,Isador,Chafer
mwindridge35@ycombinator.com,mwindridge35,wlOpLx4PJaK,Marijo,Windridge
akares36@craigslist.org,akares36,SZlKhQH3cP,Abigael,Kares
arowter37@wikia.com,arowter37,KtIXwx,Ado,Rowter
triddeough38@behance.net,triddeough38,hAKLMuQEJ,Terrijo,Riddeough
smulvenna39@spiegel.de,smulvenna39,jdW4032D1SkA,Sada,Mulvenna
rtruesdale3a@npr.org,rtruesdale3a,PuvXkG0,Ricky,Truesdale
ooneal3b@cnet.com,ooneal3b,w4n1SJJ,Oates,O'Neal
pellingham3c@vistaprint.com,pellingham3c,2GSFFXMZXnj,Pavel,Ellingham
ksirl3d@tripod.com,ksirl3d,dcEvF9Ttlyqb,Kriste,Sirl
cbonnet3e@mail.ru,cbonnet3e,thuNX5G4e,Colby,Bonnet
lluby3f@yahoo.co.jp,lluby3f,ZnAXp52VNV6,Lila,Luby
bdriffe3g@typepad.com,bdriffe3g,jGsLXKTgWhX,Blanche,Driffe
sgarrals3h@is.gd,sgarrals3h,esOTIw,Saxon,Garrals
cwalczynski3i@merriam-webster.com,cwalczynski3i,Qr2do85e,Charmion,Walczynski
egillbard3j@miitbeian.gov.cn,egillbard3j,0u9Zlss1,Egon,Gillbard
wfourman3k@businessweek.com,wfourman3k,JLQeETrh,Wylma,Fourman
ewellesley3l@dot.gov,ewellesley3l,i9MzDki8uZnI,Evvy,Wellesley
pparlett3m@time.com,pparlett3m,g6CUTfltEp,Phil,Parlett
wdenkel3n@noaa.gov,wdenkel3n,QYLShQ3OBx,Wallas,Denkel
rsapson3o@stanford.edu,rsapson3o,v9BdEq,Ronica,Sapson
mcuddehy3p@friendfeed.com,mcuddehy3p,N07WGmiRrR6R,Mala,Cuddehy
tbooker3q@ibm.com,tbooker3q,kVqZJPpjQ,Tory,Booker
fshadrack3r@time.com,fshadrack3r,dbpBiTWCgNd,Ferdie,Shadrack
aburtwistle3s@hexun.com,aburtwistle3s,1oeXIeQk,Angelina,Burtwistle
mspender3t@dailymail.co.uk,mspender3t,1zoQAgU4yBy,Mada,Spender
cpleven3u@toplist.cz,cpleven3u,ObPVT8Y,Celinka,Pleven
llebel3v@craigslist.org,llebel3v,ljXfk4IpfK,Latashia,Lebel
asnazel3w@mlb.com,asnazel3w,GV4328k,Addison,Snazel
mdomonkos3x@hud.gov,mdomonkos3x,csAN4i3,Milty,Domonkos
risbell3y@sciencedaily.com,risbell3y,Cnd816oRH,Renata,Isbell
rbramley3z@baidu.com,rbramley3z,amf2nfY01KF,Renae,Bramley
sfehner40@boston.com,sfehner40,CJy9bOBYmnI3,Skelly,Fehner
mmaisey41@huffingtonpost.com,mmaisey41,IZixN571Ty,Maxy,Maisey
achapell42@nbcnews.com,achapell42,3uGrrMMyz,Auberon,Chapell
fhanlon43@ft.com,fhanlon43,oBqK7C2R0qX,Ferne,Hanlon
cplease44@reverbnation.com,cplease44,PEywILpEASDh,Clarice,Please
ipittel45@google.co.jp,ipittel45,f073PFCJbfv,Ignaz,Pittel
tdawidsohn46@ucoz.ru,tdawidsohn46,yhd1w7tm7b,Toddie,Dawidsohn
pbrellin47@vimeo.com,pbrellin47,iz93PoAuy8,Pippy,Brellin
lpeare48@sohu.com,lpeare48,yZNUiJSNK,Leo,Peare
ewinny49@ezinearticles.com,ewinny49,Tvxrj5P6Il0,Ephraim,Winny
zdulanty4a@booking.com,zdulanty4a,2GMOEcdGTf,Zacharie,Dulanty
kgimeno4b@wikispaces.com,kgimeno4b,xpi0b4NTHV,Kenton,Gimeno
cworthy4c@oracle.com,cworthy4c,xA5lqxG,Chariot,Worthy
acrosse4d@bizjournals.com,acrosse4d,IG0LUObhY,Agretha,Crosse
gwilletts4e@digg.com,gwilletts4e,NmrnQNcwSC,Gretta,Willetts
cdawidman4f@arstechnica.com,cdawidman4f,OKELcl,Candra,Dawidman
rcrowson4g@unesco.org,rcrowson4g,2x5aO3THznV,Reinhard,Crowson
gizaac4h@msn.com,gizaac4h,rS3cCJGVBW4,Giustino,Izaac
cmixer4i@nyu.edu,cmixer4i,3M2myL4k,Coletta,Mixer
sraveau4j@blog.com,sraveau4j,b8zujK,Sapphire,Raveau
jashbee4k@cpanel.net,jashbee4k,S47Zxj,Judie,Ashbee
jswindells4l@huffingtonpost.com,jswindells4l,DjjYeWO,Juana,Swindells
vgammell4m@ed.gov,vgammell4m,y88WvSu,Viola,Gammell
dmount4n@nytimes.com,dmount4n,lC6iEV,Demott,Mount
dklauer4o@dmoz.org,dklauer4o,kZWVqgGu4gj,Dita,Klauer
jbenes4p@chronoengine.com,jbenes4p,VNJswQc6,Joye,Benes
osancto4q@about.me,osancto4q,ckFdtFOgA,Oralie,Sancto
eeymor4r@tripadvisor.com,eeymor4r,4hGk6HI,Ethel,Eymor
wtigwell4s@netvibes.com,wtigwell4s,rk4eEfs8BmLr,Welbie,Tigwell
hwrack4t@networksolutions.com,hwrack4t,jXvErnIGZF6T,Harv,Wrack
mmeneer4u@ftc.gov,mmeneer4u,Xodl47U,Michail,Meneer
sdenyagin4v@etsy.com,sdenyagin4v,flqhvtuLAt,Sidney,Denyagin
techalier4w@technorati.com,techalier4w,xHrjEC,Teddi,Echalier
bcavendish4x@census.gov,bcavendish4x,u55PpFPG,Brandais,Cavendish
aroughey4y@vinaora.com,aroughey4y,Ah641S,Agnola,Roughey
msogg4z@diigo.com,msogg4z,W2xqJW,Michel,Sogg
knormavill50@imageshack.us,knormavill50,9DMPvVKs,Kenny,Normavill
mdisley51@jugem.jp,mdisley51,csbI3xE2W2L,Mirella,Disley
hkiely52@pcworld.com,hkiely52,YTVZqYFB,Herculie,Kiely
bkollasch53@ning.com,bkollasch53,LIKz24,Brianne,Kollasch
nswitzer54@quantcast.com,nswitzer54,prZrsuZoKCX,Nonie,Switzer
fcouling55@posterous.com,fcouling55,4IAPJwP,Flori,Couling
fbanaszewski56@addthis.com,fbanaszewski56,F2zDpdX,Frederique,Banaszewski
scunnington57@java.com,scunnington57,ohHhk8,Shara,Cunnington
cramage58@smh.com.au,cramage58,hixQMO1L,Christina,Ramage
pcelier59@nymag.com,pcelier59,25ywmaJ,Phillip,Celier
gpriditt5a@newsvine.com,gpriditt5a,9k6FzNC9BH4,Giffard,Priditt
lwoodes5b@theglobeandmail.com,lwoodes5b,eIbLZdUG4M,Lethia,Woodes
bganny5c@stanford.edu,bganny5c,qagWlNTEQXm,Brittney,Ganny
cibbotson5d@ifeng.com,cibbotson5d,QrCxTCFthN,Carie,Ibbotson
rmacgilfoyle5e@1688.com,rmacgilfoyle5e,HG190Hl,Ramonda,MacGilfoyle
caires5f@ed.gov,caires5f,tWYaklrCIr,Charline,Aires
tocanavan5g@lulu.com,tocanavan5g,XtVTRYp5MM,Tamar,O'Canavan
hpeeke5h@etsy.com,hpeeke5h,816AKJZmS,Hendrik,Peeke
balston5i@weather.com,balston5i,tEcWVMbd,Bobinette,Alston
gwallach5j@tiny.cc,gwallach5j,zKNKTj,Gerry,Wallach
cmacginlay5k@about.me,cmacginlay5k,pT88NHUp,Carmen,MacGinlay
tsubhan5l@freewebs.com,tsubhan5l,2LCYXr,Tasha,Subhan
gwandrey5m@columbia.edu,gwandrey5m,zckJSO2Y0fz9,Gerianna,Wandrey
omacmeanma5n@ezinearticles.com,omacmeanma5n,D5Do1WBx6Ef,Orbadiah,MacMeanma
rhastwall5o@alibaba.com,rhastwall5o,uKDFMvy27,Rica,Hastwall
phaselden5p@state.gov,phaselden5p,JprOfN,Pincas,Haselden
gferreli5q@freewebs.com,gferreli5q,PZR0zptUZ,Gabi,Ferreli
mbrinsford5r@yahoo.com,mbrinsford5r,cmDy7xnCfUJp,Maggy,Brinsford
sgallagher5s@nyu.edu,sgallagher5s,aSvoR2l3,Samson,Gallagher
smadelin5t@ted.com,smadelin5t,WhLz7ks,Skippie,Madelin
wcartmell5u@howstuffworks.com,wcartmell5u,pv7EKhPHy,Wendi,Cartmell
cdavis5v@infoseek.co.jp,cdavis5v,zVG6XQ,Chloe,Davis
bangeli5w@parallels.com,bangeli5w,7SdbOM1scz4m,Bunni,Angeli
hoxteby5x@archive.org,hoxteby5x,eExH6pA6b,Humphrey,Oxteby
ceva5y@techcrunch.com,ceva5y,dOcrnJ2mZ,Carmen,Eva
tzelley5z@smugmug.com,tzelley5z,8sKnHxid,Toma,Zelley
bstanborough60@arizona.edu,bstanborough60,HW8EOonTDh,Blinni,Stanborough
kixor61@gnu.org,kixor61,Zo5CokHL4P,Kaela,Ixor
mmcnickle62@google.ru,mmcnickle62,id8SUVKoV,Melvyn,McNickle
cdrewson63@alexa.com,cdrewson63,6zKVJKTC1A5,Carlota,Drewson
gtinson64@shutterfly.com,gtinson64,2UGG2clB0Y,Graehme,Tinson
etomicki65@privacy.gov.au,etomicki65,8Fb8t0kKyD,Ericha,Tomicki
iswenson66@reuters.com,iswenson66,pLRpCgAfep,Isidor,Swenson
kgislebert67@google.cn,kgislebert67,VECrC3nUQ,Kathleen,Gislebert
ngaine68@netlog.com,ngaine68,kQel3ijfa,Nyssa,Gaine
amaddison69@time.com,amaddison69,zdXtvamshoQ,Adella,Maddison
kforryan6a@godaddy.com,kforryan6a,BnvqcR,Kent,Forryan
bmacadam6b@myspace.com,bmacadam6b,5UtaJmtDI,Ber,MacAdam
djoesbury6c@twitpic.com,djoesbury6c,cQxsH07GdwyF,Dorette,Joesbury
njeremaes6d@prlog.org,njeremaes6d,2iHplCFK,Noah,Jeremaes
gruslin6e@timesonline.co.uk,gruslin6e,4lyXUb,Gwenny,Ruslin
gisaaksohn6f@1und1.de,gisaaksohn6f,Ye0jBFFhofA,Gerrilee,Isaaksohn
abartolini6g@miitbeian.gov.cn,abartolini6g,3o1kXMKLnT,Afton,Bartolini
cbuckston6h@berkeley.edu,cbuckston6h,471Fimd,Cassandry,Buckston
wesp6i@rakuten.co.jp,wesp6i,iSDfozCLrRO0,Willis,Esp
btweedlie6j@scientificamerican.com,btweedlie6j,RiFibXBcTfM,Bil,Tweedlie
gsmeaton6k@php.net,gsmeaton6k,wExStnK7,Gabriela,Smeaton
cgresswood6l@tumblr.com,cgresswood6l,0p0U05z5n6,Corilla,Gresswood
cesmead6m@amazon.de,cesmead6m,gKmZ6R5ZbPxY,Cortie,Esmead
dgrabbam6n@theguardian.com,dgrabbam6n,Cn7lFVOJFY,Dorelle,Grabbam
cmccaighey6o@dot.gov,cmccaighey6o,LQs5i39no86,Cleve,McCaighey
smadgin6p@livejournal.com,smadgin6p,sJ9qHGRGbq1G,Spenser,Madgin
tlackie6q@myspace.com,tlackie6q,zlmufP,Tabbie,Lackie
gdmisek6r@wiley.com,gdmisek6r,GojVrvkBXy,Grier,Dmisek
zcurnucke6s@edublogs.org,zcurnucke6s,DEUixkyG,Zilvia,Curnucke
cfeavers6t@oracle.com,cfeavers6t,EvakIT,Christoforo,Feavers
shugett6u@nhs.uk,shugett6u,XtSUKfx4DR,Spence,Hugett
mwisdom6v@domainmarket.com,mwisdom6v,55itOyWiaDd,Misha,Wisdom
osanson6w@people.com.cn,osanson6w,1D1G14YZlyF,Olivier,Sanson
ahutson6x@ovh.net,ahutson6x,NDBBIU,Adiana,Hutson
hkornas6y@irs.gov,hkornas6y,pJqvf4LUP,Holly,Kornas
mscurrey6z@constantcontact.com,mscurrey6z,SWMTLga,Myron,Scurrey
lbraitling70@shinystat.com,lbraitling70,TALtgAxB0,Leupold,Braitling
bbardill71@google.pl,bbardill71,f2UVbplQM55K,Brod,Bardill
edewdney72@is.gd,edewdney72,ahvB9bP,Ernesto,Dewdney
gadhams73@spotify.com,gadhams73,Nhc16GRTTrS,Gates,Adhams
igudeman74@si.edu,igudeman74,75aZ7Qr8rOc,Isac,Gudeman
cfretwell75@hatena.ne.jp,cfretwell75,R9uy0k1jfa,Constanta,Fretwell
cbagg76@barnesandnoble.com,cbagg76,KoSWtt,Claus,Bagg
dayris77@vinaora.com,dayris77,IBKynxMzobm,Dame,Ayris
dlambdean78@redcross.org,dlambdean78,CJiJUsf,Dwayne,Lambdean
vcaldecott79@earthlink.net,vcaldecott79,A1YNICFF,Vinny,Caldecott
rhansed7a@vinaora.com,rhansed7a,IBeX9Nrbad,Roddie,Hansed
dgooderham7b@com.com,dgooderham7b,FezKYNwrn,Dav,Gooderham
aklimov7c@miibeian.gov.cn,aklimov7c,Ce4HmG1G,Aguie,Klimov
ihoofe7d@fastcompany.com,ihoofe7d,UdRvAU,Inglis,Hoofe
kabrahams7e@walmart.com,kabrahams7e,NbIbZoM2d,Kenon,Abrahams
mrugieri7f@soundcloud.com,mrugieri7f,qk2Ut4Zh,Mia,Rugieri
rdikle7g@360.cn,rdikle7g,ClkXRLM2l,Robert,Dikle
lalmey7h@odnoklassniki.ru,lalmey7h,JaiqQLpp0,Ly,Almey
csumsion7i@over-blog.com,csumsion7i,YB9y4nF8R,Curran,Sumsion
rpetrichat7j@deviantart.com,rpetrichat7j,DJ9q45,Randy,Petrichat
clorimer7k@freewebs.com,clorimer7k,D3oGKQBHGY,Corbie,Lorimer
aplante7l@columbia.edu,aplante7l,VzPw8Lks8,Antonietta,Plante
fnetting7m@cbslocal.com,fnetting7m,2AZleNZt6JJQ,Faydra,Netting
atownby7n@flavors.me,atownby7n,b0czA2cM,Augy,Townby
jilbert7o@eepurl.com,jilbert7o,Ho0KGokb,Joella,Ilbert
kturfs7p@people.com.cn,kturfs7p,Bcyrqzv,Kelcey,Turfs
koconnell7q@biglobe.ne.jp,koconnell7q,3AbbGmeyA,Kippar,O'Connell
dgreyes7r@biblegateway.com,dgreyes7r,UQS5eCrxg,Desdemona,Greyes
rcanland7s@exblog.jp,rcanland7s,qk4Q1XezOkFA,Rowena,Canland
avicarey7t@state.tx.us,avicarey7t,zIsWnGlO0D,Ashla,Vicarey
krival7u@newyorker.com,krival7u,a0swynrd,Kasey,Rival
sstarling7v@freewebs.com,sstarling7v,YWsbxunN,Suki,Starling
lvise7w@ox.ac.uk,lvise7w,yIOjbqEM9jLP,Loutitia,Vise
adrayn7x@devhub.com,adrayn7x,M7lTIjuZ,Aurlie,Drayn
nisoldi7y@wikia.com,nisoldi7y,Vn2WAlFe,Nero,Isoldi
fcolbourne7z@altervista.org,fcolbourne7z,ysSWfLE,Fair,Colbourne
chullins80@shinystat.com,chullins80,Hoh77G0pO,Cort,Hullins
smercy81@wiley.com,smercy81,hvBPoWD,Susi,Mercy
bspelling82@ebay.co.uk,bspelling82,2JkBri,Bartholomeus,Spelling
ghallibone83@sciencedaily.com,ghallibone83,dHJpSTc79CY,Gilbertina,Hallibone
whightown84@infoseek.co.jp,whightown84,B3PcOaGTC4yT,Wally,Hightown
dconaghy85@unblog.fr,dconaghy85,jwergabQPhyU,Doralynne,Conaghy
ddunton86@prnewswire.com,ddunton86,6p3gkw,Dacy,Dunton
arickarsey87@xinhuanet.com,arickarsey87,nfWpjr8V,Alysa,Rickarsey
dspinello88@51.la,dspinello88,yYhIyTIWs,Daloris,Spinello
hlequesne89@gravatar.com,hlequesne89,szSS5mC5,Haily,Le Quesne
arobker8a@nymag.com,arobker8a,IZZtT6Bf7dS0,Addy,Robker
ezanneli8b@noaa.gov,ezanneli8b,36PO2rEhRozs,Erwin,Zanneli
aclist8c@geocities.jp,aclist8c,umsoBfuuIfe,Aliza,Clist
bzanneli8d@newsvine.com,bzanneli8d,6oBw6rjsO,Bailie,Zanneli
ffairbrother8e@google.co.jp,ffairbrother8e,s4456xqW,Faydra,Fairbrother
gdimitrov8f@ifeng.com,gdimitrov8f,vatzzg,Gabrielle,Dimitrov
cdavidof8g@weebly.com,cdavidof8g,JJs3Ov6pMQp,Chauncey,Davidof
jrodgier8h@miibeian.gov.cn,jrodgier8h,WoOSr2vOts5I,Jarad,Rodgier
hdoughton8i@imageshack.us,hdoughton8i,oYXYMMy,Halie,Doughton
hbark8j@sbwire.com,hbark8j,tsGcaajK,Hardy,Bark
adatte8k@patch.com,adatte8k,XNfg7T,Aurore,Datte
rjodlkowski8l@nba.com,rjodlkowski8l,9FfvlZsA8r,Rory,Jodlkowski
fgreep8m@netlog.com,fgreep8m,LAdPFFQ5U,Fabio,Greep
nbultitude8n@ovh.net,nbultitude8n,E2hMH7UPSK,Nichole,Bultitude
dmeace8o@woothemes.com,dmeace8o,LzP0ZO1,Dori,Meace
amacclure8p@canalblog.com,amacclure8p,zdLiLh,Aurthur,MacClure
cdrake8q@telegraph.co.uk,cdrake8q,nkBIyqoo,Cristobal,Drake
yarndt8r@ask.com,yarndt8r,QJVnhwI,Yankee,Arndt
tkahn8s@mail.ru,tkahn8s,OCkOMChox78,Tremaine,Kahn
lnisius8t@bizjournals.com,lnisius8t,lOjXhKN,Lindsey,Nisius
bdanigel8u@ft.com,bdanigel8u,4GTmQ3L,Bron,Danigel
bphilipeaux8v@dropbox.com,bphilipeaux8v,oih6o3nWLmS,Bailie,Philipeaux
epawlaczyk8w@foxnews.com,epawlaczyk8w,R3HLVZ4LT4Q,Eimile,Pawlaczyk
tdurrance8x@time.com,tdurrance8x,3KK3feNOL,Tobit,Durrance
rdaugherty8y@cisco.com,rdaugherty8y,hnstwntMq7D,Reynolds,Daugherty
cstembridge8z@ow.ly,cstembridge8z,ZfrBxzLw6cT,Constantine,Stembridge
sroscam90@dion.ne.jp,sroscam90,DFEwsHitd,Standford,Roscam
kpechacek91@unc.edu,kpechacek91,ircLQMDncT,Kimmie,Pechacek
cforten92@china.com.cn,cforten92,ekjGR4J,Caitrin,Forten
ldotson93@mapy.cz,ldotson93,oeke765,Lemmy,Dotson
elackey94@google.fr,elackey94,eTlHR4UVF,Eartha,Lackey
jlohan95@si.edu,jlohan95,foRGc8WSsPB,Jacquenette,Lohan
zrobart96@google.ca,zrobart96,InKowVHHt,Zacharie,Robart
gbuxcey97@myspace.com,gbuxcey97,dq6gIAIDu6,Garald,Buxcey
shulett98@cam.ac.uk,shulett98,nebbEqj7BNi,Staford,Hulett
amattusov99@taobao.com,amattusov99,vdzhxWoI,Angela,Mattusov
jcass9a@printfriendly.com,jcass9a,J68c1o7WX5fc,Jenifer,Cass
bstedson9b@abc.net.au,bstedson9b,racOOvQ,Betteann,Stedson
gpallister9c@pcworld.com,gpallister9c,5RghBqdkMkv,Gladys,Pallister
abowller9d@jiathis.com,abowller9d,dhPzYJ8ydR6,Adam,Bowller
isowersby9e@amazon.com,isowersby9e,zy1VenQ,Inesita,Sowersby
epencost9f@hugedomains.com,epencost9f,yY3A8n2,Ethyl,Pencost
lsmewings9g@nifty.com,lsmewings9g,BraYEU4,Laureen,Smewings
jsansun9h@cocolog-nifty.com,jsansun9h,kPXCGzcd1Z,Jacky,Sansun
clever9i@salon.com,clever9i,YXfWAu41,Chere,Lever
mbrownlea9j@bizjournals.com,mbrownlea9j,DAMryM3VVzeT,Merrill,Brownlea
gmorde9k@census.gov,gmorde9k,cffm2DIW6od7,Gail,Morde
sphippin9l@jigsy.com,sphippin9l,ogAGgb4Tpvm,Sheff,Phippin
aroaf9m@qq.com,aroaf9m,sJEb1C,Aimee,Roaf
acrum9n@fastcompany.com,acrum9n,rmm85mdtIRC,Almeria,Crum
mpartner9o@mozilla.org,mpartner9o,kVSoQrsc0k,Micah,Partner
cbunyan9p@un.org,cbunyan9p,73AjQGa6AdVi,Chelsey,Bunyan
ydearlove9q@tripadvisor.com,ydearlove9q,rgfldIW2Nrb7,Yard,Dearlove
sbeagin9r@jigsy.com,sbeagin9r,N7QWXXiXMh,Shane,Beagin
dilliston9s@github.com,dilliston9s,rcYD7F,Devon,Illiston
bcholomin9t@dell.com,bcholomin9t,PmisIZRlsut,Benton,Cholomin
esummersett9u@ft.com,esummersett9u,YHeFrpypO8O,Ephrem,Summersett
eballinghall9v@vkontakte.ru,eballinghall9v,sShFrZv1HnJ,Eleni,Ballinghall
jdunrige9w@oakley.com,jdunrige9w,V4TnmuS5L3,Jannelle,Dunrige
flidden9x@1und1.de,flidden9x,leQubV15,Filippa,Lidden
kparmiter9y@gizmodo.com,kparmiter9y,WVOC3znsXF9P,Kiley,Parmiter
pcarle9z@tumblr.com,pcarle9z,iUz4LWuBfC,Pearla,Carle
amccreea0@baidu.com,amccreea0,EghTZpxTHgL,Arabele,McCree
rgirdlestonea1@lycos.com,rgirdlestonea1,c17h1zVDQMJ,Rey,Girdlestone
fbeadella2@i2i.jp,fbeadella2,nCExkbt,Frederick,Beadell
astitfalla3@goodreads.com,astitfalla3,3P8kJeDt0bmS,Alberik,Stitfall
kblinkhorna4@ehow.com,kblinkhorna4,jbzJllXak92,Karlen,Blinkhorn
ablincowa5@independent.co.uk,ablincowa5,vnPcRS2mX3vR,Alistair,Blincow
sbrockhersta6@printfriendly.com,sbrockhersta6,Tn0YHEt,Silvia,Brockherst
scrannisa7@icq.com,scrannisa7,PqmrXaF,Sib,Crannis
cloughheada8@domainmarket.com,cloughheada8,LMTo6u2x9Uwd,Chanda,Loughhead
rrixona9@answers.com,rrixona9,1MWYmmYv3i,Rabi,Rixon
acammockaa@archive.org,acammockaa,GMYXezJzBgO,Andria,Cammock
kcreamerab@so-net.ne.jp,kcreamerab,Fv5Gsus2EfOf,Kalila,Creamer
fcoombsac@state.tx.us,fcoombsac,zzEeJBkZcWO,Fey,Coombs
tjanuarystad@desdev.cn,tjanuarystad,DbpU8tFmvZ,Thain,January 1st
kadenotae@hao123.com,kadenotae,Yz7DflB,Kris,Adenot
tsiddellaf@weebly.com,tsiddellaf,1Z2OHmGo5e4,Twila,Siddell
wbeechamag@wikimedia.org,wbeechamag,GiLZU8,Whitney,Beecham
uyandleah@godaddy.com,uyandleah,hTYBHrzmg6W0,Ulberto,Yandle
meedeai@moonfruit.com,meedeai,JeiLMqMw,Marj,Eede
areaderaj@dion.ne.jp,areaderaj,nLZTF7f,Ambros,Reader
flobleak@youku.com,flobleak,jHjaVuvi,Flossie,Loble
cjanecekal@google.cn,cjanecekal,p6FwKK,Craig,Janecek
mhunteram@issuu.com,mhunteram,W1lk4RNUYPv,Moina,Hunter
maddsan@multiply.com,maddsan,tRDWwgL,Meredith,Adds
bjedrychowskiao@marketwatch.com,bjedrychowskiao,psAmf0B,Brunhilde,Jedrychowski
aguirauap@hp.com,aguirauap,Qcyk95bpho,Almeria,Guirau
twestburyaq@newyorker.com,twestburyaq,MGGtYbTQe2E,Tristan,Westbury
emerigotar@tripadvisor.com,emerigotar,vPVfomr,Evangelin,Merigot
mbarshamas@networkadvertising.org,mbarshamas,lfpkZclkM,Margi,Barsham
mbernakiewiczat@nyu.edu,mbernakiewiczat,3IKpuhoxQD,Mel,Bernakiewicz
loldnallau@tmall.com,loldnallau,3z14xO5z,Lela,Oldnall
fneesamav@studiopress.com,fneesamav,0un4D59OpX,Foss,Neesam
mbuttersaw@wisc.edu,mbuttersaw,BrkV4WaxYXsZ,Meridith,Butters
hboheyax@a8.net,hboheyax,3Kvs5MIczMDm,Heath,Bohey
ksleeay@furl.net,ksleeay,06eDGSiSv,Kailey,Slee
jmolianaz@hexun.com,jmolianaz,ZyVm26K5Qe,Joline,Molian
jyatemanb0@ebay.com,jyatemanb0,l6u8uW8,Jarrod,Yateman
gdomeniconeb1@elegantthemes.com,gdomeniconeb1,pZKMUnEnWld,Gui,Domenicone
jdeverauxb2@list-manage.com,jdeverauxb2,4JDp7D0,Jandy,Deveraux
ethriftb3@newyorker.com,ethriftb3,Bx2aKqVPxy,Esme,Thrift
cmcalisterb4@free.fr,cmcalisterb4,S3AjP14ffAjW,Clay,McAlister
pknightlyb5@myspace.com,pknightlyb5,iQGvywtvP,Porty,Knightly
ocordyb6@youtu.be,ocordyb6,B4WdXxs,Ole,Cordy
tslopierb7@tamu.edu,tslopierb7,6abwazm9iZF,Tim,Slopier
bmithonb8@geocities.com,bmithonb8,K1yEXVvcb6,Bertie,Mithon
aranklingb9@nih.gov,aranklingb9,bNmTphK,Arnaldo,Rankling
ndurtnelba@ustream.tv,ndurtnelba,WESL9b,Nonie,Durtnel
obaseliobb@theatlantic.com,obaseliobb,qg1WYxp,Omar,Baselio
riffebc@go.com,riffebc,VLU2Fr4RcA,Renelle,Iffe
cclementelbd@webeden.co.uk,cclementelbd,0e0lc41hvAF,Clarke,Clementel
bcrierbe@fastcompany.com,bcrierbe,dHYan1m6Hbx,Barri,Crier
bsheddbf@ucoz.com,bsheddbf,PnHogJEs1gQ,Bea,Shedd
aarmitagebg@washington.edu,aarmitagebg,gmAPspfuGfd9,Arie,Armitage
rkeenanbh@blogger.com,rkeenanbh,6LUaPaY8AkwC,Ranice,Keenan
tolochanbi@desdev.cn,tolochanbi,shNkhU,Tannie,O'Lochan
ccafferkybj@si.edu,ccafferkybj,D0zN3NOzejF,Cheri,Cafferky
kmcginleybk@gmpg.org,kmcginleybk,LpYjcD8M,Kynthia,McGinley
mclemensenbl@comsenz.com,mclemensenbl,uV3sMJosjcSv,Maryann,Clemensen
rbridatbm@unc.edu,rbridatbm,4EYM0bAVBL9l,Rosmunda,Bridat
jrollingbn@independent.co.uk,jrollingbn,GL793IC,Jena,Rolling
amousleybo@noaa.gov,amousleybo,le96cnL,Aurelia,Mousley
dattrilbp@seattletimes.com,dattrilbp,fCHZXg,Doralynn,Attril
fsaigerbq@mayoclinic.com,fsaigerbq,amswBHNIk2A,Florian,Saiger
aalexanderssonbr@census.gov,aalexanderssonbr,MKRKuYKlATq7,Adorne,Alexandersson
ablackslandbs@unicef.org,ablackslandbs,N0kTXMVH40,Andrea,Blacksland
ecrossfieldbt@github.io,ecrossfieldbt,ZANrBZZu,Emmey,Crossfield
jbandbu@creativecommons.org,jbandbu,4kl24Olug5K,Jereme,Band
dpedrolibv@state.tx.us,dpedrolibv,ORE9OzQ,Delores,Pedroli
eantrackbw@simplemachines.org,eantrackbw,tyzmDs,Elena,Antrack
hlimerbx@gizmodo.com,hlimerbx,yBKrnVYEhBZM,Hewett,Limer
mstrelitzby@engadget.com,mstrelitzby,e05SrSP,Merry,Strelitz
jchalkebz@barnesandnoble.com,jchalkebz,7N38hSHeV,Jethro,Chalke
tpottiec0@unc.edu,tpottiec0,dmoB3ml,Tyrus,Pottie
cbookerc1@vk.com,cbookerc1,e4hBdXZ,Cozmo,Booker
cswaitc2@harvard.edu,cswaitc2,hes4vAFRH,Celinka,Swait
amaskewc3@list-manage.com,amaskewc3,xx7R4Ka2,Ardys,Maskew
kpashec4@hatena.ne.jp,kpashec4,bq7kZ6xPhk,Kristina,Pashe
mlembckec5@wisc.edu,mlembckec5,h0FgBg3l8,Maryl,Lembcke
rishakic6@alexa.com,rishakic6,m6x0IpfAJhi,Randy,Ishaki
mtidburyc7@dagondesign.com,mtidburyc7,CcbiEGm8Xq0,Muriel,Tidbury
cbalshenc8@networkadvertising.org,cbalshenc8,wAI6lDBft,Cole,Balshen
dfarmeryc9@bizjournals.com,dfarmeryc9,asubgM2ESZdy,Doti,Farmery
creisinca@ucsd.edu,creisinca,tnd8VPZ9,Crichton,Reisin
gstowcb@ucoz.ru,gstowcb,bWkGaktJhJ,Genovera,Stow
nyocc@blogspot.com,nyocc,TlgdGpanap,Norby,Yo
jlordingcd@go.com,jlordingcd,8YWIota9,Johnny,Lording
rwaddamsce@com.com,rwaddamsce,1d3KPDB9ge,Reggie,Waddams
rfuchercf@angelfire.com,rfuchercf,6omVheRS,Rubia,Fucher
egoningcg@clickbank.net,egoningcg,ThGIlq,Emerson,Goning
mwintersgillch@archive.org,mwintersgillch,IWtQpnmy,Maurene,Wintersgill
leffnertci@seattletimes.com,leffnertci,LmP5n7hr8h,Land,Effnert
hbalderstonecj@salon.com,hbalderstonecj,cyvH2OzfOY,Hildegarde,Balderstone
okastingck@nytimes.com,okastingck,qo9cDE,Orly,Kasting
grevancecl@slideshare.net,grevancecl,0InRrlb3DBh,Giulietta,Revance
bogelsbycm@dedecms.com,bogelsbycm,kDjQyGRa,Brendin,Ogelsby
rflowerdencn@time.com,rflowerdencn,kljohef9lo,Rebekkah,Flowerden
cfantonco@shutterfly.com,cfantonco,WvgIdz,Cass,Fanton
nfernihoughcp@miibeian.gov.cn,nfernihoughcp,AWPuU3H,Nathanial,Fernihough
pklimschcq@howstuffworks.com,pklimschcq,v3KzDFS,Pearline,Klimsch
zbissexcr@noaa.gov,zbissexcr,VIZzrJ1c,Zared,Bissex
stewkesberriecs@baidu.com,stewkesberriecs,66I2DmgjR2,Stu,Tewkesberrie
dwortonct@mediafire.com,dwortonct,CWa1iHB1Wxbc,Didi,Worton
abelchamcu@icq.com,abelchamcu,rZtwvzm0Nbh,Alissa,Belcham
mcanetcv@state.tx.us,mcanetcv,jo6HnyZj4njG,Madelon,Canet
lcockrancw@soup.io,lcockrancw,mawjamL,Lindy,Cockran
riddinscx@altervista.org,riddinscx,LQAzWuTOl,Red,Iddins
aaldhousecy@macromedia.com,aaldhousecy,5z6CQ9q4Yp,Ashien,Aldhouse
tmacandreiscz@meetup.com,tmacandreiscz,V9NE4VOI,Tessi,MacAndreis
moelsd0@archive.org,moelsd0,l6oS2Ec8F,Mehetabel,Oels
smummd1@chronoengine.com,smummd1,wGiIbI639E,Starla,Mumm
ifannond2@yandex.ru,ifannond2,VqHXmvXhZ,Ingeborg,Fannon
hsoaresd3@delicious.com,hsoaresd3,nGbKp0amjJ3z,Harriet,Soares
dpirsond4@gizmodo.com,dpirsond4,Xfj8L2f5A2,Daisy,Pirson
lclaringboldd5@e-recht24.de,lclaringboldd5,UCj8vpTUnK,Loleta,Claringbold
smarkovichd6@163.com,smarkovichd6,VMMcEFlymwQ,Stephannie,Markovich
osteend7@ucoz.ru,osteend7,TjiOtktUc,Othello,Steen
eransfieldd8@miitbeian.gov.cn,eransfieldd8,FYOmpbxF,Elane,Ransfield
lbartid9@cpanel.net,lbartid9,wjgBozn47G,Lorine,Barti
estangroomda@wp.com,estangroomda,QJWKbWc,Eleanore,Stangroom
dwilddb@google.co.uk,dwilddb,uQmqBoiutAts,Desmund,Wild
fnoorwooddc@accuweather.com,fnoorwooddc,Qe8J37fX2,Fifine,Noorwood
rtorrydd@yahoo.com,rtorrydd,zaH1p32Uk,Rici,Torry
icastiglionide@domainmarket.com,icastiglionide,8cSM3GmG,Ingeberg,Castiglioni
lbootondf@home.pl,lbootondf,AZo7h0,Lilli,Booton
jhandrockdg@ca.gov,jhandrockdg,WtshX9pJQNTu,Janel,Handrock
psycedh@google.co.jp,psycedh,JXo386,Patrizio,Syce
mdwightdi@google.cn,mdwightdi,6gqOh27vU,Mitchel,Dwight
efossittdj@oracle.com,efossittdj,bro8Td,Edwin,Fossitt
hrehmedk@unblog.fr,hrehmedk,rD1s4klXZizN,Hobey,Rehme
opfaffedl@intel.com,opfaffedl,VxIwTzLk,Oates,Pfaffe
flongshawdm@shop-pro.jp,flongshawdm,wDdkxZwPzA,Fidelity,Longshaw
rspadonidn@tripadvisor.com,rspadonidn,0E5tVL,Raoul,Spadoni
arenforthdo@g.co,arenforthdo,3HSiHNa,Ailina,Renforth
lalvisdp@tripod.com,lalvisdp,SyVwqeOrkEb,Levey,Alvis
bliveingdq@nasa.gov,bliveingdq,HtMZo0Yx,Brook,Liveing
kocullinanedr@yellowpages.com,kocullinanedr,CiRACSD,Karilynn,O'Cullinane
mhartroppds@mysql.com,mhartroppds,0qa5mmYhN,Mariel,Hartropp
mrosenfarbdt@eepurl.com,mrosenfarbdt,kj7M8ox4Tse,Madge,Rosenfarb
mpickarddu@mlb.com,mpickarddu,53NYsr7zBh5O,Michael,Pickard
vdixondv@about.me,vdixondv,0dSlNM2,Viviana,Dixon
nvialldw@miitbeian.gov.cn,nvialldw,00bNb2geLOu,Nertie,Viall
ctwomeydx@hibu.com,ctwomeydx,tWXg5DW5,Celeste,Twomey
vpitcaithlydy@php.net,vpitcaithlydy,I9xfVlE,Viv,Pitcaithly
elarouxdz@nifty.com,elarouxdz,bf5TOBBG4W3,Elberta,Laroux
wblazevice0@nba.com,wblazevice0,kn7LDBf,Win,Blazevic
mrodenborche1@hud.gov,mrodenborche1,t4do0IdlQ,Mason,Rodenborch
jburlande2@umn.edu,jburlande2,RpVSMOLKrve,Joshia,Burland
zmenhcie3@nytimes.com,zmenhcie3,EHQOO2VuW2,Zollie,Menhci
vmumbeye4@telegraph.co.uk,vmumbeye4,BqRYxM2w,Vincents,Mumbey
mflugere5@t-online.de,mflugere5,6gQyOza1zs,Mario,Fluger
dgaulde6@japanpost.jp,dgaulde6,R45z9miksbD9,Delcina,Gauld
bsedgmonde7@smugmug.com,bsedgmonde7,CatXWism1,Blanca,Sedgmond
sdwelleye8@ca.gov,sdwelleye8,0786GZW,Sammy,Dwelley
ggallamoree9@blogger.com,ggallamoree9,DnXtvjvr,Gabriel,Gallamore
wkalinkeea@webmd.com,wkalinkeea,n2Bilk0c34,Waverly,Kalinke
akettleyeb@wufoo.com,akettleyeb,3UzZD83a,Amata,Kettley
gcrickettec@wufoo.com,gcrickettec,Wo0fOgk9wBhb,Guss,Crickett
speasnoneed@wufoo.com,speasnoneed,ZHcFPHaic61,Shelby,Peasnone
dbrownhallee@go.com,dbrownhallee,TbqJ2A,Donna,Brownhall
hespadateref@sohu.com,hespadateref,9lkzbKo,Hart,Espadater
rflanaganeg@rambler.ru,rflanaganeg,ybaOBf,Rourke,Flanagan
frobroeeh@merriam-webster.com,frobroeeh,tjZhQae,Fitz,Robroe
koheagertieei@slideshare.net,koheagertieei,3jir1F,Krishnah,O'Heagertie
arostonej@bandcamp.com,arostonej,jphxWpnAe,Anson,Roston
mgolbornek@blogtalkradio.com,mgolbornek,634XVOzZ,Marcela,Golborn
sharringtonel@spiegel.de,sharringtonel,4uGQ6p,Sean,Harrington
tscroobyem@mozilla.org,tscroobyem,gaVSzpLFJ8g,Thane,Scrooby
cvanbrughen@time.com,cvanbrughen,R54zUGprLlV,Clarine,VanBrugh
jreihmeo@oakley.com,jreihmeo,oGDvMv8yIQ,Julita,Reihm
mearneyep@themeforest.net,mearneyep,VsBwPUWDM9fz,Mariejeanne,Earney
cgoffeq@accuweather.com,cgoffeq,BQJKRDgCS,Clair,Goff
lwakelamer@flavors.me,lwakelamer,3x0yfF,Lisabeth,Wakelam
aospellisseyes@yellowbook.com,aospellisseyes,mqqhKs,Annis,O'Spellissey
vphythianet@google.ca,vphythianet,SS2sGra,Vinny,Phythian
csauntoneu@jugem.jp,csauntoneu,JYKk2oxcVe26,Christabel,Saunton
dbeharrellev@nasa.gov,dbeharrellev,wqwFg55XKo,Darlene,Beharrell
ipopelayew@ucla.edu,ipopelayew,KJYBjH4f8Jy,Irena,Popelay
lgrichukhinex@spiegel.de,lgrichukhinex,i790huliX,Livvie,Grichukhin
vkolinskyey@sourceforge.net,vkolinskyey,TMqzXZVQ,Vachel,Kolinsky
gdisleeez@virginia.edu,gdisleeez,7mADE7bda0B,Gerard,Dislee
ngodmerf0@blogger.com,ngodmerf0,iTkYJSxMSY,Nani,Godmer
tnisef1@domainmarket.com,tnisef1,SPOoCvxVJG,Tilly,Nise
twoodyerf2@reuters.com,twoodyerf2,FmJPxUQdU,Trude,Woodyer
npetworthf3@friendfeed.com,npetworthf3,PjtpoarBa,Ninnette,Petworth
msimonyf4@bloomberg.com,msimonyf4,H983sPdpo,Minna,Simony
wmcgarryf5@yandex.ru,wmcgarryf5,2Q1Ajer,Woodie,McGarry
apoolef6@bing.com,apoolef6,TXVDI1iRy2ql,Arly,Poole
bgrastyef7@vistaprint.com,bgrastyef7,ruvQIFTeQWEL,Billy,Grastye
rrealyf8@umn.edu,rrealyf8,08ejuD,Ruggiero,Realy
kbuckseyf9@lycos.com,kbuckseyf9,z5lqWB,Katey,Bucksey
xkasfa@go.com,xkasfa,5SLRXa1WXdt,Xylina,Kas
dgilyattfb@topsy.com,dgilyattfb,PVSFQv4E3,Deonne,Gilyatt
ngarahanfc@abc.net.au,ngarahanfc,dx57lV,Natala,Garahan
loccleshawfd@instagram.com,loccleshawfd,xyYyGaV,Laurena,Occleshaw
vmerrimanfe@blogspot.com,vmerrimanfe,sCeHk8o,Vanni,Merriman
pstephensff@auda.org.au,pstephensff,sQbbRS7,Pembroke,Stephens
cgudgionfg@yelp.com,cgudgionfg,m5EZrr4,Culley,Gudgion
sebbrellfh@topsy.com,sebbrellfh,p1dxwe5um,Sorcha,Ebbrell
arummingfi@netvibes.com,arummingfi,UcrLJihv,Auberon,Rumming
tbunsonfj@usnews.com,tbunsonfj,kdvFNCxpRg,Tabbie,Bunson
tshepcuttfk@ifeng.com,tshepcuttfk,0S8DH6gaPs,Timmie,Shepcutt
bweedsfl@sina.com.cn,bweedsfl,9LZgaKfMU7,Berthe,Weeds
pmacklinfm@t.co,pmacklinfm,RlSD8MqEo,Pepillo,Macklin
sdickmanfn@reddit.com,sdickmanfn,PjyMw2vD,Sophia,Dickman
centresfo@slashdot.org,centresfo,nr78Dw59crwU,Chrotoem,Entres
astychfp@liveinternet.ru,astychfp,SiLBM5,Arley,Stych
tgroomebridgefq@flickr.com,tgroomebridgefq,MYL5w3MaNBuS,Tybie,Groomebridge
rbenedictefr@tuttocitta.it,rbenedictefr,100tnP5,Rouvin,Benedicte
kwiszniewskifs@europa.eu,kwiszniewskifs,SiOwsBl1moE,Klarika,Wiszniewski
wkeightleyft@fc2.com,wkeightleyft,bKqW3eDjLj,Warden,Keightley
cklempsfu@census.gov,cklempsfu,jdP15ZiWH,Cherin,Klemps
epybusfv@archive.org,epybusfv,AQH7QXBRZzc,Enriqueta,Pybus
cpietzfw@imageshack.us,cpietzfw,AkDcA1,Carline,Pietz
rcaverhillfx@biblegateway.com,rcaverhillfx,lb1H7nxBrNxj,Roseline,Caverhill
irigtsfy@imdb.com,irigtsfy,vDvS8Z8KEs5,Ilise,Rigts
sfribergfz@w3.org,sfribergfz,P1shER,Stillman,Friberg
mshimmang0@spiegel.de,mshimmang0,9AAGAV,Moina,Shimman
ekarbyg1@timesonline.co.uk,ekarbyg1,HUFdJHVp8t,Emily,Karby
jiannig2@pbs.org,jiannig2,MzqYCyrtc3,Jasmine,Ianni
zjanakg3@about.me,zjanakg3,xgq36my,Zelig,Janak
apeeterg4@ning.com,apeeterg4,51qOKqRG6d,Alana,Peeter
cpietersg5@sohu.com,cpietersg5,Qz3YeG,Carlos,Pieters
rleafg6@so-net.ne.jp,rleafg6,oMGPV9Bkn,Robinetta,Leaf
yportwaing7@ed.gov,yportwaing7,MZ7bBPWuOZS,Yorgo,Portwain
jkopg8@skype.com,jkopg8,cYQ5yTNlZ8o,Johnathon,Kop
mkraftg9@rakuten.co.jp,mkraftg9,hMOKkzIOg,Madelaine,Kraft
uluneyga@who.int,uluneyga,fTdoKQtj,Ursuline,Luney
aokigb@sohu.com,aokigb,t3wudlZjUg6,Ally,Oki
cdickensongc@opera.com,cdickensongc,vELfGuq,Chane,Dickenson
btredgoldgd@vk.com,btredgoldgd,w7xAIdtEGGP,Benedicto,Tredgold
lphilippouge@hao123.com,lphilippouge,TXgfBR,Leontyne,Philippou
dmackintoshgf@umich.edu,dmackintoshgf,Z1N1ZWFuEkY0,Domini,MacKintosh
iotterwellgg@reverbnation.com,iotterwellgg,EQwzhnMgnlW1,Iorgos,Otterwell
ejahnkegh@youtube.com,ejahnkegh,uZsg210,Elli,Jahnke
bbellissgi@tamu.edu,bbellissgi,BeUxc9,Basilius,Belliss
bcarnsongj@histats.com,bcarnsongj,AVRCP51k60,Bertrando,Carnson
noertzengk@usnews.com,noertzengk,OlcRwKJGV9G,Neile,Oertzen
idaalgl@forbes.com,idaalgl,63SXagoHe0o,Ignazio,Daal
lbeechcraftgm@unc.edu,lbeechcraftgm,XHQks6EZ,Lindie,Beechcraft
blingegn@mozilla.com,blingegn,mKzb9mExSpeR,Blanca,Linge
swoodhamsgo@psu.edu,swoodhamsgo,ytNgjg6SdEm,Sephira,Woodhams
aoddeygp@simplemachines.org,aoddeygp,CDOZ2MG,Arlan,Oddey
nbinsteadgq@java.com,nbinsteadgq,YDbNp6yG6U8,Norbert,Binstead
shatzgr@patch.com,shatzgr,dgFkJXk3f4nE,Sibbie,Hatz
astorrgs@shutterfly.com,astorrgs,2HEq9sd,Andrei,Storr
avanderveldengt@storify.com,avanderveldengt,mecVTpdupOK,Any,Van der Velden
rdougillgu@google.fr,rdougillgu,6gkMXu,Raf,Dougill
dpinchesgv@cnn.com,dpinchesgv,Dejhmcyra1a,Donny,Pinches
agreenroadgw@nasa.gov,agreenroadgw,RFgJ9Wd,Asher,Greenroad
ifouldsgx@nytimes.com,ifouldsgx,Q8wXy9f6lmLh,Isadora,Foulds
ggirardeaugy@apple.com,ggirardeaugy,OXl4j1hw,Gilly,Girardeau
bskirlingz@dell.com,bskirlingz,U1Nb4NfNZ,Bastien,Skirlin
lbuzzingh0@jalbum.net,lbuzzingh0,AMEkQ2,Lancelot,Buzzing
aheliarh1@businessinsider.com,aheliarh1,8JC38vo7i,Adelice,Heliar
jgeereh2@cnet.com,jgeereh2,z3z0hk,Jethro,Geere
lbaynesh3@symantec.com,lbaynesh3,FJH2phdyw,Lillis,Baynes
tlinesh4@tripod.com,tlinesh4,20zUm8Ewmkt,Trix,Lines
bwhittamh5@mail.ru,bwhittamh5,9jrbuPIxR,Billy,Whittam
ecorthesh6@etsy.com,ecorthesh6,nbaEvA0UG5oi,Emmaline,Corthes
nvondrakh7@house.gov,nvondrakh7,SBPjhyNEt,Nolly,Vondrak
bdeboickh8@jugem.jp,bdeboickh8,jQmprp,Benedetto,Deboick
ecutfordh9@statcounter.com,ecutfordh9,8nzxXW3yXwf,Ermengarde,Cutford
ngilardiha@webeden.co.uk,ngilardiha,EtmvToVKZ,Nickie,Gilardi
ddawsonhb@ucoz.ru,ddawsonhb,9YRVL7tW,Darlleen,Dawson
kdockreayhc@comcast.net,kdockreayhc,QJFUJCEtoGPS,Kent,Dockreay
mwillowbyhd@auda.org.au,mwillowbyhd,QkK469,Midge,Willowby
msergeanthe@so-net.ne.jp,msergeanthe,C3EBJe,Mitchell,Sergeant
hogleasanehf@unblog.fr,hogleasanehf,3CvUut7WlP,Halimeda,O'Gleasane
tmacekhg@blogs.com,tmacekhg,pB25fAMD,Terza,Macek
tpyserhh@scientificamerican.com,tpyserhh,MxLdryc9C,Tedie,Pyser
ialbrookehi@rambler.ru,ialbrookehi,P3Fj4M,Ingar,Albrooke
gtoffettohj@ca.gov,gtoffettohj,pzg8Lq7tIuP,Grannie,Toffetto
texerhk@foxnews.com,texerhk,gDq7AHZ,Tanney,Exer
kjocelynhl@nytimes.com,kjocelynhl,WrsScXTgwLl,Kingston,Jocelyn
ckrzysztofiakhm@youtu.be,ckrzysztofiakhm,5AVu8cSo,Coretta,Krzysztofiak
rgoldstonhn@diigo.com,rgoldstonhn,HUGoZg,Rhoda,Goldston
adevilleho@wix.com,adevilleho,w2j1Irprn,Annabel,De-Ville
fhaugenhp@google.co.jp,fhaugenhp,1nw13p,Friederike,Haugen
cfassmannhq@is.gd,cfassmannhq,hP9NXol6i6,Cassey,Fassmann
cskucehr@dell.com,cskucehr,viJvwfh,Chryste,Skuce
evasyushkhinhs@bigcartel.com,evasyushkhinhs,j4T6GgU2s7Z,Ernest,Vasyushkhin
kmcqueenht@bing.com,kmcqueenht,oKxeWUaxNWYF,Kristal,Mc Queen
pgoldinhu@booking.com,pgoldinhu,RuzCG12Mcz,Pennie,Goldin
acrandonhv@prweb.com,acrandonhv,0eXniZCY7o,Amandy,Crandon
wwaishw@csmonitor.com,wwaishw,Cts4g5Jt,Windham,Wais
aliccardohx@mac.com,aliccardohx,P1tomy2COX,Audrie,Liccardo
lfolkertshy@artisteer.com,lfolkertshy,9YoTKAVD,Lincoln,Folkerts
fjentzschhz@paginegialle.it,fjentzschhz,7dXMro,Fancie,Jentzsch
ckirsoppi0@barnesandnoble.com,ckirsoppi0,ArxLhO6Z,Channa,Kirsopp
ahaiselli1@blogs.com,ahaiselli1,Thv8Ad,Anabella,Haisell
aivoshini2@squarespace.com,aivoshini2,2QaeBmy,Alla,Ivoshin
nhennigeri3@bloomberg.com,nhennigeri3,aIq0aneE3df,Nat,Henniger
rboosti4@nymag.com,rboosti4,IuCLBV07xceX,Reggy,Boost
vdanceri5@imageshack.us,vdanceri5,48NvevNkK,Verene,Dancer
kvasiliki6@oaic.gov.au,kvasiliki6,bw4RPTyBIZX5,Kiley,Vasilik
jarnauduci7@dion.ne.jp,jarnauduci7,9IRCTH1S,Joaquin,Arnauduc
ggrieswoodi8@domainmarket.com,ggrieswoodi8,fsCFize4,Gray,Grieswood
rniasi9@blogspot.com,rniasi9,K7GILPx0wo,Rip,Nias
hcrowdsonia@oakley.com,hcrowdsonia,Fxaylx5MR,Hakeem,Crowdson
fspracklingib@last.fm,fspracklingib,FCvclCGfiAS,Fleming,Sprackling
cdoughtyic@independent.co.uk,cdoughtyic,ZaOKLG,Cele,Doughty
gkrzysztofid@elegantthemes.com,gkrzysztofid,oaKl6jU,Ginger,Krzysztof
ebailesie@imdb.com,ebailesie,ompvIRW,Emile,Bailes
htallynif@mozilla.com,htallynif,3LeOv4cj9xc,Honey,Tallyn
knelsenig@live.com,knelsenig,c5ec48,Kendrick,Nelsen
rgarstangih@walmart.com,rgarstangih,mPd66A,Randolf,Garstang
ngrewesii@bbb.org,ngrewesii,hl579soYsTk6,Nanci,Grewes
rguidettiij@thetimes.co.uk,rguidettiij,LMgB5tOY6Wh,Ragnar,Guidetti
djancik@illinois.edu,djancik,9ZpX2Hmqz1,Durward,Janc
wtremoilleil@mit.edu,wtremoilleil,7nG3rHvw4,Wilfrid,Tremoille
dbirdwistleim@cmu.edu,dbirdwistleim,xEPyo5N,Dorita,Birdwistle
dpinarein@tumblr.com,dpinarein,b4CtXNka,Dolph,Pinare
uwraggeio@hp.com,uwraggeio,jxXq0R0hkX4W,Ulrikaumeko,Wragge
leddollsip@deviantart.com,leddollsip,6BcXl1DDcF,Leif,Eddolls
wpotteridgeiq@storify.com,wpotteridgeiq,gE5BaXy1Y,Wilma,Potteridge
kdayshir@bloglovin.com,kdayshir,gQq348XUKvH,Kienan,Daysh
mfriendis@senate.gov,mfriendis,ZXCTE3NXSc3,Milicent,Friend
rhobbemait@senate.gov,rhobbemait,BWIYKKGl,Ranice,Hobbema
cpicklesiu@wunderground.com,cpicklesiu,jjCg8z6B5nF,Cullie,Pickles
fturbardiv@t.co,fturbardiv,uwCewL,Fulton,Turbard
sclemettsiw@merriam-webster.com,sclemettsiw,HqvajIKGcW,Sydney,Clemetts
wtakkosix@pagesperso-orange.fr,wtakkosix,tLOJClZw1,Wayne,Takkos
acookseyiy@amazonaws.com,acookseyiy,nRgOMHA9qf,Alick,Cooksey
rmcilwraithiz@acquirethisname.com,rmcilwraithiz,ugKlGMMVk,Rog,McIlwraith
alinkej0@bbb.org,alinkej0,IzsvgmSaA,Ambur,Linke
ewitzj1@google.nl,ewitzj1,chaRZjK5l7Rh,Emory,Witz
rcinnamondj2@webnode.com,rcinnamondj2,z4NIUdJK,Randall,Cinnamond
kecklyj3@adobe.com,kecklyj3,CCzZ8vowrB,Karee,Eckly
zrozzellj4@abc.net.au,zrozzellj4,72AFc9,Zorina,Rozzell
rflockhartj5@oaic.gov.au,rflockhartj5,5PPAjWd,Roger,Flockhart
lhelsbyj6@mayoclinic.com,lhelsbyj6,5wiKO1Dk,Lilith,Helsby
dbramwichj7@soup.io,dbramwichj7,vDoQIR,Dorella,Bramwich
hriddioughj8@w3.org,hriddioughj8,kEkfHgIx,Halimeda,Riddiough
dhaimej9@youtu.be,dhaimej9,Xmc8Vb,Dani,Haime
afransecoja@liveinternet.ru,afransecoja,qZlWJkZX,Anatollo,Franseco
nsarahjb@zdnet.com,nsarahjb,gZmWbe,Neila,Sarah
cmcclaryjc@pbs.org,cmcclaryjc,8BgXgsf,Cybill,McClary
trummerjd@earthlink.net,trummerjd,n3jBEvWuJZe,Tamas,Rummer
ewrenje@cdbaby.com,ewrenje,tdUtOGsQ,Eduard,Wren
cgallallyjf@ask.com,cgallallyjf,I8r0V8Jp,Cecelia,Gallally
soveyjg@purevolume.com,soveyjg,GwzhKDP,Shani,Ovey
bfedoronkojh@51.la,bfedoronkojh,eGUSlmC,Bonita,Fedoronko
mgoldthorpeji@seattletimes.com,mgoldthorpeji,korPBhnLU,Melony,Goldthorpe
rgrosierjj@arizona.edu,rgrosierjj,43EZ4w2eO6,Rem,Grosier
gsandysjk@china.com.cn,gsandysjk,AlCTjq,Georgianna,Sandys
toboyjl@wsj.com,toboyjl,jtUeGRFpKRf,Tova,Oboy
jchaikovskijm@google.co.jp,jchaikovskijm,37p6QkYovhEH,Jacenta,Chaikovski
hsellorsjn@yale.edu,hsellorsjn,6ZApJuWJlqf,Hanna,Sellors
dtoopinjo@mozilla.com,dtoopinjo,UvTClRgXgq4,Dimitri,Toopin
sshippamjp@gov.uk,sshippamjp,dJfJuF,Stern,Shippam
kbelfieldjq@smugmug.com,kbelfieldjq,vGboXf,Koenraad,Belfield
mnanninijr@ucla.edu,mnanninijr,9hB2dVmNhT3,Mirilla,Nannini
esrawleyjs@ox.ac.uk,esrawleyjs,Jrk8dg0,Estella,Srawley
dhearnamanjt@taobao.com,dhearnamanjt,APeDj5OjheUl,Debbie,Hearnaman
jelenju@stumbleupon.com,jelenju,ebz037K,Jacklyn,Elen
rbrimjv@state.gov,rbrimjv,AGdbrV,Ronica,Brim
rskelhornejw@printfriendly.com,rskelhornejw,jkbuaaScLRv8,Ronnie,Skelhorne
hplampeynjx@taobao.com,hplampeynjx,235XNlurbScR,Harrie,Plampeyn
achandersjy@google.pl,achandersjy,ql8uTMPNucmO,Arney,Chanders
jaikinjz@archive.org,jaikinjz,m9VeVU3L9,Jo,Aikin
amaitlandk0@liveinternet.ru,amaitlandk0,rtqt6L,Aube,Maitland
pstaddartk1@amazon.de,pstaddartk1,92hvIa6f49,Petunia,Staddart
egirtk2@theglobeandmail.com,egirtk2,VZB4JR,Emelia,Girt
htalkingtonk3@miitbeian.gov.cn,htalkingtonk3,EetBDU,Hillary,Talkington
kfullicksk4@cyberchimps.com,kfullicksk4,xAQIEbR5jc,Kipp,Fullicks
rbramsomk5@telegraph.co.uk,rbramsomk5,8y9WdAxYnJ,Rolfe,Bramsom
ghaseldenk6@nih.gov,ghaseldenk6,2QGQkGa8P,Garland,Haselden
awernerk7@indiatimes.com,awernerk7,cdjGyScg6,Augie,Werner
kglynnk8@who.int,kglynnk8,FOVXJVE,Ken,Glynn
asarek9@admin.ch,asarek9,3wjJwy5,Amitie,Sare
iphillippska@dot.gov,iphillippska,VA232y,Illa,Phillipps
mrubenovickb@csmonitor.com,mrubenovickb,YM5HIkfyhyl,Minda,Rubenovic
cgraysmarkkc@sitemeter.com,cgraysmarkkc,FlNsom9s7q,Christye,Graysmark
mfriarykd@europa.eu,mfriarykd,jYUMsVh,Mabelle,Friary
alivelyke@skyrock.com,alivelyke,XocIgI,Anderea,Lively
hbernuccikf@japanpost.jp,hbernuccikf,1CyoV2Smw6,Hastie,Bernucci
rrookekg@timesonline.co.uk,rrookekg,aLu3WmCv,Riki,Rooke
khatliffekh@senate.gov,khatliffekh,a6JS4qyneNs,Kati,Hatliffe
cscourgieki@g.co,cscourgieki,TmSOw5dNki,Chadd,Scourgie
mwilfingkj@chron.com,mwilfingkj,PBgYIoUHV,Mignonne,Wilfing
kdenyskk@last.fm,kdenyskk,l53liyUI,Kiele,Denys
mpietruszkakl@sbwire.com,mpietruszkakl,S9mMBX0Ixes,Mikael,Pietruszka
pgodboldkm@stumbleupon.com,pgodboldkm,B0pKAcqS9,Penny,Godbold
mchooterkn@ibm.com,mchooterkn,lz3RQ1rWpVE,Margette,Chooter
cwoodlandsko@usnews.com,cwoodlandsko,pDc6goiPXs,Cherlyn,Woodlands
efynankp@bloomberg.com,efynankp,o1t7pMn00B,Ezequiel,Fynan
sgreensmithkq@i2i.jp,sgreensmithkq,mdcJeBYILX,Smith,Greensmith
mdimatteokr@opera.com,mdimatteokr,dg6A0QxGq,Magdalen,Di Matteo
dlehuquetks@myspace.com,dlehuquetks,x0zedlovS,Dinny,Le Huquet
csatterlykt@accuweather.com,csatterlykt,9WlOP4,Clementine,Satterly
cwoodageku@adobe.com,cwoodageku,tjROuD,Christopher,Woodage
rdalyellkv@typepad.com,rdalyellkv,Yl4v5w0W8pu,Roxanna,Dalyell
sreddkw@webnode.com,sreddkw,bPrgcC,Sholom,Redd
igrabenkx@goo.ne.jp,igrabenkx,dwmfe4K,Ive,Graben
tlisleky@twitpic.com,tlisleky,2fcPGQw6zJDV,Thurstan,Lisle
hcreeberkz@mapy.cz,hcreeberkz,unkcx6xfJJBD,Hale,Creeber
hwillishirel0@netlog.com,hwillishirel0,cV2ywTKm8a,Hi,Willishire
rgrinyovl1@1und1.de,rgrinyovl1,AfGWLjrqHAd,Rodie,Grinyov
bswyerl2@ow.ly,bswyerl2,t6z4L8,Biddie,Swyer
iheugell3@hc360.com,iheugell3,P8X8bJ,Ingeborg,Heugel
smclernonl4@usda.gov,smclernonl4,9WVPBv5AQp,Sonni,McLernon
droddenl5@bravesites.com,droddenl5,bmiq0BGYU,Dev,Rodden
miggaldenl6@prnewswire.com,miggaldenl6,9K9Mxyd,Minna,Iggalden
wrabbel7@cdc.gov,wrabbel7,zKKIoe,Wilow,Rabbe
rrulfl8@si.edu,rrulfl8,l7XaKACGCx,Rocky,Rulf
aroumierl9@digg.com,aroumierl9,t6yB716m,Afton,Roumier
klyddyardla@oakley.com,klyddyardla,DvYpche0A,Karlik,Lyddyard
lfassamlb@wix.com,lfassamlb,3zVVoemTE,Lion,Fassam
pcrimeslc@cnet.com,pcrimeslc,eJyaaDJQFyk,Paulina,Crimes
kluetkemeyersld@goo.gl,kluetkemeyersld,ST9eBfx85c,Keslie,Luetkemeyers
cchurchesle@dailymail.co.uk,cchurchesle,GHn06ng,Carrie,Churches
mmclardielf@etsy.com,mmclardielf,PwmvBuFy,Mark,McLardie
bmatscheklg@hostgator.com,bmatscheklg,bh1mJV1,Byran,Matschek
lfullertonlh@who.int,lfullertonlh,9pqGZgc0mj,Loydie,Fullerton
epanchenli@moonfruit.com,epanchenli,L78U5u1e,Emmaline,Panchen
hjeaveslj@bigcartel.com,hjeaveslj,4kEHC0,Harman,Jeaves
vsinklk@indiegogo.com,vsinklk,Q34G2s,Vaughn,Sink
aallmondll@businessinsider.com,aallmondll,xQEmrZO,Andras,Allmond
ahaddocklm@china.com.cn,ahaddocklm,d1BwEezqZA,Ailina,Haddock
mcaroliln@deviantart.com,mcaroliln,EvaahT46h,Malvina,Caroli
tzukermanlo@ihg.com,tzukermanlo,zZjmqkcmByi,Terrance,Zukerman
hshearnlp@myspace.com,hshearnlp,oU4EecL7,Hortensia,Shearn
bbootylq@nba.com,bbootylq,Qhs0ufV,Brien,Booty
skoubulr@google.es,skoubulr,pQBUDeGZen,Sayer,Koubu
lbonls@time.com,lbonls,Xx1zWXL7y,Lulu,Bon
tstrevenslt@engadget.com,tstrevenslt,a11B0I,Theodosia,Strevens
hleilelu@ow.ly,hleilelu,BqYgyzAzL7xh,Helsa,Leile
nloffilllv@blogger.com,nloffilllv,Gr8WmHbcl7m,Neville,Loffill
dburburylw@flavors.me,dburburylw,M1rcrfUq9,Domenico,Burbury
cvennerlx@merriam-webster.com,cvennerlx,pNya0zkZ7A,Cynthie,Venner
ngunnellly@unblog.fr,ngunnellly,9wL3AeBv44GJ,Neala,Gunnell
ngerwoodlz@exblog.jp,ngerwoodlz,7hvVGcvTChjD,Nicoline,Gerwood
rcrichm0@google.es,rcrichm0,ExMewMAWG,Rosalie,Crich
aeastridgem1@eventbrite.com,aeastridgem1,qxv79lmJ0q,Adelaida,Eastridge
afranklingm2@ebay.com,afranklingm2,JDKWtkT29PO,Albie,Frankling
cvogtm3@intel.com,cvogtm3,OmzqWHXflP,Cherise,Vogt
pgauldm4@virginia.edu,pgauldm4,940bw7GmQ,Perri,Gauld
bchampneym5@nature.com,bchampneym5,E33fUqLBm,Barnebas,Champney
qaynsleym6@delicious.com,qaynsleym6,DOQqoy,Quinn,Aynsley
nmcgenism7@sakura.ne.jp,nmcgenism7,Ts9EswpXV,Norbie,McGenis
lbartellm8@netlog.com,lbartellm8,8G01W8kYf06,Lock,Bartell
bsnedkerm9@soundcloud.com,bsnedkerm9,BT3q8mUQY,Brianne,Snedker
dkennifickma@skype.com,dkennifickma,YawVKdW,Dev,Kennifick
mondracekmb@surveymonkey.com,mondracekmb,xXmBoInK9ce,Mari,Ondracek
bbestarmc@bloglovin.com,bbestarmc,9lltcJs,Bren,Bestar
ibyfieldmd@blinklist.com,ibyfieldmd,U8OlKgpwYD,Ive,Byfield
rdumbartonme@cbc.ca,rdumbartonme,XdLssevA32Bh,Ranna,Dumbarton
adutteridgemf@nasa.gov,adutteridgemf,Kw0D1He6Y0ys,Antoine,Dutteridge
hchenerymg@seattletimes.com,hchenerymg,wbl8MS0c,Hailee,Chenery
hweldrickmh@oracle.com,hweldrickmh,JO9Z45Z,Howie,Weldrick
fseysmi@plala.or.jp,fseysmi,2jcT5j,Finn,Seys
lguidonemj@auda.org.au,lguidonemj,rG8Gyfxvrw,Layne,Guidone
ybertsonmk@163.com,ybertsonmk,n12U3B,Yoshiko,Bertson
vcrawfordml@home.pl,vcrawfordml,8YpInWout,Val,Crawford
zburhousemm@quantcast.com,zburhousemm,2DYu9W91,Zola,Burhouse
cabrahmmn@paypal.com,cabrahmmn,o95WgntGJau,Chane,Abrahm
aadelsbergmo@engadget.com,aadelsbergmo,qdPXPrMPsxM,Armando,Adelsberg
hstaytmp@dedecms.com,hstaytmp,PY4Xl4X,Hermia,Stayt
jcockellmq@newsvine.com,jcockellmq,rkRcnJaAc,Jaclyn,Cockell
kbinnionmr@shareasale.com,kbinnionmr,2cL0iSo92A,Katrina,Binnion
kstirtlems@drupal.org,kstirtlems,DLQ5Hr,Kristofer,Stirtle
fbouldemt@statcounter.com,fbouldemt,84exYkn,Filberto,Boulde
orosellinimu@alexa.com,orosellinimu,bEbdY9,Onfroi,Rosellini
tchamberlainemv@google.com.hk,tchamberlainemv,SLRUTY,Thacher,Chamberlaine
tscottimw@sfgate.com,tscottimw,LsyByJhqtw4P,Tailor,Scotti
lsporemx@posterous.com,lsporemx,cjpOt7TY,Lena,Spore
tallsoppmy@newsvine.com,tallsoppmy,fnCQouHVm,Tad,Allsopp
ldowsmz@cyberchimps.com,ldowsmz,BjnqaV6,Laurence,Dows
mransomen0@cdc.gov,mransomen0,tOCbk19NgC,Madelyn,Ransome
adurgann1@diigo.com,adurgann1,p3025T5Sz,Amalee,Durgan
dwizn2@sbwire.com,dwizn2,KjiqfxuNb,Daloris,Wiz
strivettn3@vistaprint.com,strivettn3,j4xCTD1LvYK,Shaughn,Trivett
cgalgeyn4@berkeley.edu,cgalgeyn4,si9dICx0K,Clarita,Galgey
hbrigmann5@toplist.cz,hbrigmann5,NUq4xF,Hanni,Brigman
mbakern6@wordpress.org,mbakern6,IlV3cz,Moria,Baker
fmuzzinin7@amazonaws.com,fmuzzinin7,fLZLmH8nTkO,Farlie,Muzzini
nscotfordn8@imdb.com,nscotfordn8,fzFQSX6g,Nickolai,Scotford
arandsn9@ning.com,arandsn9,pAgEth,Alberta,Rands
ggoldsteinna@netlog.com,ggoldsteinna,3Amv0sNx9,Garreth,Goldstein
alovatnb@elegantthemes.com,alovatnb,QCrmwwcn6L1,Alejandrina,Lovat
egribbonnc@economist.com,egribbonnc,R1crRt6Xpw6W,Elsie,Gribbon
bpaylornd@google.ca,bpaylornd,AvOQcv,Bridget,Paylor
thulmene@sina.com.cn,thulmene,sAhqHA,Tomkin,Hulme
pherremanf@marriott.com,pherremanf,xyMm7IsNI4K,Patricio,Herrema
mswaitng@whitehouse.gov,mswaitng,JBpVDtW,Moritz,Swait
ejoannicnh@ezinearticles.com,ejoannicnh,IMaojpF,Earlie,Joannic
bhuggensni@rediff.com,bhuggensni,ruj531jh0S5,Biron,Huggens
cskirvingnj@hc360.com,cskirvingnj,gMNarB67G,Cherise,Skirving
abatchelournk@hud.gov,abatchelournk,8Rjym2Q,Anthony,Batchelour
bhelwignl@studiopress.com,bhelwignl,wd4wajIY,Bendite,Helwig
kgiovannillinm@rakuten.co.jp,kgiovannillinm,R4dTCIBtYA6,Keri,Giovannilli
ekiddynn@sciencedaily.com,ekiddynn,QFyYUA,Emiline,Kiddy
cdecruseno@japanpost.jp,cdecruseno,FKGeuF26vL,Courtnay,Decruse
gvandenboschnp@skype.com,gvandenboschnp,1ol7dbdTk,Gwendolyn,Van den Bosch
delstonenq@noaa.gov,delstonenq,RadlnHEB,Danie,Elstone
chuccabynr@google.com.br,chuccabynr,ObFzkP35,Christine,Huccaby
okillns@hhs.gov,okillns,A58FuPTR,Orson,Kill
fmatynt@g.co,fmatynt,h6tM6vi,Frederik,Maty
cjiroudeknu@is.gd,cjiroudeknu,E2heLVPbPBc,Cathie,Jiroudek
dmurtonnv@time.com,dmurtonnv,nVOk8ANpd,Domenico,Murton
smcvickernw@comsenz.com,smcvickernw,SiteRSsZBRP,Saree,McVicker
daudrittnx@last.fm,daudrittnx,c5oBXid,Darn,Audritt
lbenkinny@sitemeter.com,lbenkinny,xTBLXMSswxTc,Lela,Benkin
jparkynnz@123-reg.co.uk,jparkynnz,stXo7do1XExh,Jeff,Parkyn
nblethino0@shutterfly.com,nblethino0,ENhQcL,Nannette,Blethin
wmoffeto1@1688.com,wmoffeto1,s7OIdv,Warner,Moffet
rcritcho2@phpbb.com,rcritcho2,GlTbL4n,Rutherford,Critch
aorretto3@abc.net.au,aorretto3,I2EA2VBSF,Arluene,Orrett
pohartnetto4@buzzfeed.com,pohartnetto4,tTiU4zAUs,Pru,O'Hartnett
mdultono5@eventbrite.com,mdultono5,mPY4rY,Marlie,Dulton
acalcrafto6@gizmodo.com,acalcrafto6,TBLScTu,Angy,Calcraft
jinglefieldo7@booking.com,jinglefieldo7,rewaCHQyyJQS,Jecho,Inglefield
jhuckfieldo8@yale.edu,jhuckfieldo8,XIdGLWzp,Janene,Huckfield
aseyerso9@shutterfly.com,aseyerso9,Y0MyynIKV,Alick,Seyers
hbladeroa@multiply.com,hbladeroa,npujfBmK2QI,Hildegaard,Blader
ebeswickob@cmu.edu,ebeswickob,K3hSPG7ky3,Earle,Beswick
dmarusyakoc@berkeley.edu,dmarusyakoc,KGBMCZ,Dulcea,Marusyak
ejakovod@hao123.com,ejakovod,D7YhjDlr,Elvira,Jakov
ntebbsoe@nifty.com,ntebbsoe,JAUjUb,Noll,Tebbs
grylstoneof@eventbrite.com,grylstoneof,lkfwU2g7ZrEP,Geno,Rylstone
dwalbrunog@yandex.ru,dwalbrunog,bc4MGQ9o,Delmor,Walbrun
bplaschkeoh@exblog.jp,bplaschkeoh,xG7ViGKyyhz,Barnabe,Plaschke
rwhitbreadoi@mlb.com,rwhitbreadoi,iRpJTGiMQF,Riley,Whitbread
amcgouganoj@infoseek.co.jp,amcgouganoj,q3BAaGhV,Albie,McGougan
rgoodrightok@wufoo.com,rgoodrightok,yf7IOGeUEP,Ruy,Goodright
cemtageol@phpbb.com,cemtageol,WH0KZl,Clim,Emtage
cthickom@miibeian.gov.cn,cthickom,onILA9x6t,Celina,Thick
jmccreadyon@mtv.com,jmccreadyon,AUhXZy,Janka,McCready
shoveroo@tamu.edu,shoveroo,z3kZNqtYyEBW,Syd,Hover
mgathererop@taobao.com,mgathererop,yCWUvfjW,Merrill,Gatherer
fgriswoodoq@imgur.com,fgriswoodoq,qzonhNxe0,Florence,Griswood
apocockeor@ask.com,apocockeor,dYxZYh0Y2C,Archy,Pococke
pscotsonos@rakuten.co.jp,pscotsonos,jiAIzaf,Pacorro,Scotson
ghaugot@cnet.com,ghaugot,9F4Ufxillox,Gaston,Haug
jstidworthyou@china.com.cn,jstidworthyou,YCcIKA,Janela,Stidworthy
agilliattov@ow.ly,agilliattov,HbH8NyEu,Avigdor,Gilliatt
mlympanyow@ovh.net,mlympanyow,fJbTybjsf1JS,Moss,Lympany
gfiltnessox@infoseek.co.jp,gfiltnessox,o9l6PYHohWAB,Glenna,Filtness
dfairsoy@home.pl,dfairsoy,cT3nk1zcrW,Doria,Fairs
lbottleoz@ovh.net,lbottleoz,0P01bIW,Lyell,Bottle
mdutchburnp0@illinois.edu,mdutchburnp0,yJwyoAbhi5nX,Milicent,Dutchburn
cbollomp1@printfriendly.com,cbollomp1,DyenEaQrs6V,Chaim,Bollom
jhurichp2@utexas.edu,jhurichp2,j9v20QD,Jasmine,Hurich
dspainp3@bloglines.com,dspainp3,kHzkC8F,Des,Spain
credfordp4@cmu.edu,credfordp4,vHAjuMRg,Conney,Redford
wconninghamp5@dion.ne.jp,wconninghamp5,QFXvZGFUSKD,Weidar,Conningham
lteshp6@nifty.com,lteshp6,o9NluTOk,Lidia,Tesh
acashleyp7@symantec.com,acashleyp7,pbE9NAeQ,Andrea,Cashley
bmercikp8@slideshare.net,bmercikp8,QRVT8Jd,Beltran,Mercik
bleefep9@columbia.edu,bleefep9,INoLtbYDe,Bent,Leefe
imeinerpa@gov.uk,imeinerpa,1SNu4RQ,Ilsa,Meiner
bwetheypb@exblog.jp,bwetheypb,B9qkbErFd,Boony,Wethey
stweddellpc@ucoz.ru,stweddellpc,ziZ9Dm4Tk,Sukey,Tweddell
tcoltmanpd@ed.gov,tcoltmanpd,VHkk8dvF,Tybie,Coltman
csmallespe@list-manage.com,csmallespe,ihc0VBGR,Carine,Smalles
npauluschpf@elpais.com,npauluschpf,A02l1SnuTeuo,Neddy,Paulusch
bsanterpg@bizjournals.com,bsanterpg,ldoyxZS8PVV1,Bill,Santer
eholdforthph@cbsnews.com,eholdforthph,VvWXbT,Elmore,Holdforth
agarterypi@slideshare.net,agarterypi,UEmhenil7,Abramo,Gartery
gteligapj@usgs.gov,gteligapj,WgVNCdBLve,Garrard,Teliga
sblackmanpk@ft.com,sblackmanpk,2mzUB9aIx,Susie,Blackman
scastellanospl@ezinearticles.com,scastellanospl,10DMI2Gx,Susanetta,Castellanos
ntilleypm@samsung.com,ntilleypm,WqM0hNIx,Nessie,Tilley
fthorleypn@apache.org,fthorleypn,ozdEiZ2XL99,Farrel,Thorley
cwilkespo@icq.com,cwilkespo,CJ5xyDPFXeq,Crosby,Wilkes
hgallallypp@nymag.com,hgallallypp,1B7EH7Qg8E,Hubert,Gallally
gqueyeiropq@un.org,gqueyeiropq,WwOSfhPnFuuK,Gardie,Queyeiro
kchidgeypr@tamu.edu,kchidgeypr,1qNWDzh,Kaiser,Chidgey
cpeintonps@loc.gov,cpeintonps,9pMwOrWbM9w9,Chancey,Peinton
hjelkpt@slideshare.net,hjelkpt,sJkWenBQsv9,Hashim,Jelk
gmcgiffinpu@flavors.me,gmcgiffinpu,JCJRs3O,Gerry,McGiffin
gsellorpv@mit.edu,gsellorpv,ypxdz0Jpcf,Georges,Sellor
farkillpw@vkontakte.ru,farkillpw,LCRLRS1SuHu,Florri,Arkill
tcahanpx@loc.gov,tcahanpx,5TkvYR,Titos,Cahan
sgoodyerpy@delicious.com,sgoodyerpy,YAJ2lWplhOme,Shanna,Goodyer
llaypz@stanford.edu,llaypz,aVEi7Fapobo,Leah,Lay
lroxbeeq0@google.com.hk,lroxbeeq0,GCvuY8qZGZp6,Luise,Roxbee
agiblingq1@imgur.com,agiblingq1,FF8NZ3VT2,Alla,Gibling
ftidmanq2@adobe.com,ftidmanq2,sB7ElFLzp,Felisha,Tidman
hburmanq3@sitemeter.com,hburmanq3,W5eg0z7Nlvk,Heath,Burman
ogratrixq4@yale.edu,ogratrixq4,fbuYlijw,Orv,Gratrix
kmathwinq5@mtv.com,kmathwinq5,mJrPS7qENw,Karisa,Mathwin
lgotchq6@ft.com,lgotchq6,lUx9cjE,Lyndsie,Gotch
lpateselq7@sfgate.com,lpateselq7,tvelCnLx,Llywellyn,Patesel
tjeavonq8@mapquest.com,tjeavonq8,yAdVk6,Tobiah,Jeavon
moatsq9@tripod.com,moatsq9,G10i90svJ85T,Marika,Oats
sorpyneqa@woothemes.com,sorpyneqa,jntGbOff5D,Sheela,Orpyne
eprateqb@taobao.com,eprateqb,te5HornVn,Elmo,Prate
aalcidoqc@pbs.org,aalcidoqc,Ei6aR2309,Averil,Alcido
wmatejkaqd@tmall.com,wmatejkaqd,onsqHab8X,Warden,Matejka
emouldingqe@discuz.net,emouldingqe,qYpvmse,Eryn,Moulding
rberminghamqf@posterous.com,rberminghamqf,9AuTm4kPuQ,Roger,Bermingham
cyurkevichqg@prnewswire.com,cyurkevichqg,0dmHQktJ,Collette,Yurkevich
aedlerqh@phpbb.com,aedlerqh,okAXzdAZpCnP,Angy,Edler
gbehrendsenqi@wix.com,gbehrendsenqi,1hm1GYY,Griffin,Behrendsen
arabjohnsqj@europa.eu,arabjohnsqj,YKlW7T99E,Arlinda,Rabjohns
cokeqk@is.gd,cokeqk,ObJYck,Chlo,Oke
pfookesql@narod.ru,pfookesql,usJylaBJ,Paco,Fookes
mkippenqm@wikipedia.org,mkippenqm,Xdv3OLuFGB,Micheil,Kippen
mkleinstubqn@accuweather.com,mkleinstubqn,31iFiKm4UT,Midge,Kleinstub
dmcskeaganqo@a8.net,dmcskeaganqo,0PhNjavGMj,Druci,McSkeagan
dtremblettqp@wired.com,dtremblettqp,j8ppf18Kt,Donny,Tremblett
sgiacoboqq@merriam-webster.com,sgiacoboqq,Go8CIYiOrAB,Stormie,Giacobo
hmuggachqr@wsj.com,hmuggachqr,JeFhHQW,Hilly,Muggach
cbichardqs@narod.ru,cbichardqs,iTSvzdn2l,Ceil,Bichard
cparmerqt@umich.edu,cparmerqt,iiPDqrSlqEpK,Cyril,Parmer
wkernermannqu@weibo.com,wkernermannqu,YsxNy57n,Wendel,Kernermann
wbeckleyqv@jalbum.net,wbeckleyqv,oUd0WBe,Woody,Beckley
hyglesiasqw@seattletimes.com,hyglesiasqw,ZB5H8J6,Hermine,Yglesias
cbrosoliqx@time.com,cbrosoliqx,Paw4xMNRpAIe,Chrystal,Brosoli
kmclurgqy@prweb.com,kmclurgqy,1OqkBIuQMQQ2,Karney,McLurg
edanielloqz@gravatar.com,edanielloqz,bQ3N7i3hlMlA,Ethel,Daniello
smarriager0@blinklist.com,smarriager0,ZnQSok,Sarena,Marriage
ntremayler1@w3.org,ntremayler1,SfYdXxirUs,Nat,Tremayle
ajaggerr2@yellowpages.com,ajaggerr2,raHRhd,Alaster,Jagger
vdeehanr3@amazon.com,vdeehanr3,LFI01k7,Vonni,Deehan
cgrumellr4@delicious.com,cgrumellr4,uknRRNJu3oiK,Conny,Grumell
bhoffmannr5@example.com,bhoffmannr5,tp3covVK,Beaufort,Hoffmann
ldybler6@timesonline.co.uk,ldybler6,AWuRUOjstRV,Lib,Dyble
cwalrondr7@delicious.com,cwalrondr7,dI6l6sKgNXd,Chris,Walrond
slabber8@barnesandnoble.com,slabber8,Sk9N3M,Stephen,Labbe
kcraxfordr9@jigsy.com,kcraxfordr9,v3xRjt,Kippy,Craxford
cmatveikora@prweb.com,cmatveikora,QTl0eWdQpOL,Cos,Matveiko
afawcittrb@cnbc.com,afawcittrb,mMMU01h,Anne-marie,Fawcitt
elossmanrc@chicagotribune.com,elossmanrc,XD2dJxSv0Vyc,Eduino,Lossman
acolumbinerd@ca.gov,acolumbinerd,db55cGOWw9,Alica,Columbine
lpearre@sphinn.com,lpearre,PSFx93Lb,Lay,Pear
tpescodrf@usgs.gov,tpescodrf,hya4SQS,Talbot,Pescod
lmarranrg@networksolutions.com,lmarranrg,h4sNBzTe3F8I,Lou,Marran
evandenboschrh@skyrock.com,evandenboschrh,6Iw7dt90XP,Ethelin,Van den Bosch
cpanasri@trellian.com,cpanasri,oyHUBmfQqPTN,Carmina,Panas
lhillanrj@cdbaby.com,lhillanrj,wPLtT1tML,Libby,Hillan
mjouhanrk@sogou.com,mjouhanrk,18MG52gNQL,Marci,Jouhan
dspittlesrl@blogs.com,dspittlesrl,Cw00QI,Doralynn,Spittles
sboolsenrm@skype.com,sboolsenrm,p7zmdekmya,Spencer,Boolsen
dtregidgorn@1688.com,dtregidgorn,fLZ7iILEuAKB,Devland,Tregidgo
dknevettro@biblegateway.com,dknevettro,qMsIwo,Darb,Knevett
jbelkrp@hatena.ne.jp,jbelkrp,Ow0hg3hy,Jonis,Belk
lduetscherq@wired.com,lduetscherq,VBV2fMSe,Lottie,Duetsche
aferreirarr@wix.com,aferreirarr,bxas5LIfII,Alys,Ferreira
